{
  "accuracy": 0.996665608129565,
  "precision": 0.99761010583817,
  "recall": 0.9952316076294278,
  "f1": 0.9964194373401535,
  "roc_auc": 0.9998257492377542,
  "pr_auc": 0.999818197121028,
  "balanced_accuracy": 0.9965747568188781,
  "brier_score": 0.0030154164414852858,
  "tn": 3355,
  "fp": 7,
  "fn": 14,
  "tp": 2922,
  "specificity": 0.9979179060080315,
  "best_threshold_f1": 0.5172361809045226,
  "best_f1_score": 0.9965893587994543,
  "threshold_recall_90": 0.01,
  "achieved_recall_90": 0.9989782016348774,
  "positives_test": 2936,
  "negatives_test": 3362,
  "timestamp": "2026-01-15T13:10:30.117843+00:00Z"
}